version,max_sharpe_diff,max_annual_vol_diff,max_max_drawdown_diff,max_cagr_diff
v2,9.51731550489221e-05,1.51032840139953e-06,1.3189243382449867e-06,1.3135360700244902e-05
v3,0.0,0.0,0.0,0.0
v4,0.0,0.0,0.0,0.0
v5,2.9871009377124835e-07,2.308948024443147e-08,1.2883646266503845e-07,5.904027444714188e-08
