n_workers,wall_time_s,per_backtest_ms,speedup_vs_1w,efficiency
1,97.34124130000009,270.3923369444447,1.0,1.0
2,63.13797700000032,175.38326944444532,1.541722524622536,0.770861262311268
4,49.74002980000023,138.16674944444506,1.9570000599396433,0.48925001498491083
8,35.68455240000003,99.12375666666674,2.7278257608185665,0.3409782201023208
