n_bootstrap,n_total_backtests,wall_time_s,per_backtest_ms
20,540,71.00275790000023,131.48658870370414
50,1350,73.51813949999996,54.457881111111085
100,2700,93.81286600000021,34.745505925926004
200,5400,184.05072949999976,34.083468425925886
